<?xml version="1.0"?>
<ArrayOfDatabaseEntry xmlns:xsi="http://www.w3.org/2001/XMLSchema-instance" xmlns:xsd="http://www.w3.org/2001/XMLSchema">
  <DatabaseEntry>
    <Id>0</Id>
    <Region>fasfa</Region>
    <City>theerds</City>
    <Year>2022</Year>
    <Consumption>
      <double>4</double>
      <double>5</double>
      <double>3</double>
      <double>6</double>
      <double>4</double>
      <double>5</double>
      <double>3</double>
      <double>4</double>
      <double>5</double>
      <double>6</double>
      <double>4</double>
      <double>5</double>
    </Consumption>
  </DatabaseEntry>
  <DatabaseEntry>
    <Id>1</Id>
    <Region>thera</Region>
    <City>thedd</City>
    <Year>2022</Year>
    <Consumption>
      <double>5</double>
      <double>3</double>
      <double>4</double>
      <double>2</double>
      <double>3</double>
      <double>4</double>
      <double>2</double>
      <double>3</double>
      <double>6</double>
      <double>4</double>
      <double>5</double>
      <double>3</double>
    </Consumption>
  </DatabaseEntry>
</ArrayOfDatabaseEntry>